{
  "attributes": {
    "minecraft:gameplay/can_pillager_patrol_spawn": false,
    "minecraft:gameplay/increased_fire_burnout": true,
    "minecraft:visual/sky_color": "#77a8ff"
  },
  "carvers": [],
  "downfall": 1.0,
  "effects": {
    "water_color": "#3f76e4"
  },
  "features": [
    [],
    [],
    [],
    [],
    [],
    [],
    [],
    [
      "skyvoid_worldgen:geode_purge_initial/-64",
      "skyvoid_worldgen:geode_purge_initial/-48",
      "skyvoid_worldgen:geode_purge_initial/-32",
      "skyvoid_worldgen:geode_purge_initial/-16",
      "skyvoid_worldgen:geode_purge_initial/0",
      "skyvoid_worldgen:geode_purge_initial/16",
      "skyvoid_worldgen:geode_purge_initial/32",
      "skyvoid_worldgen:geode_purge_initial/48",
      "skyvoid_worldgen:geode_purge_initial/64",
      "skyvoid_worldgen:geode_purge_initial/80",
      "skyvoid_worldgen:geode_purge_initial/96",
      "skyvoid_worldgen:geode_purge_initial/112",
      "skyvoid_worldgen:geode_purge_initial/128",
      "skyvoid_worldgen:geode_purge_initial/144",
      "skyvoid_worldgen:geode_purge_initial/160",
      "skyvoid_worldgen:geode_purge_initial/176",
      "skyvoid_worldgen:geode_purge_initial/192",
      "skyvoid_worldgen:geode_purge_initial/208",
      "skyvoid_worldgen:geode_purge_initial/224",
      "skyvoid_worldgen:geode_purge_initial/240",
      "skyvoid_worldgen:geode_purge_initial/256",
      "skyvoid_worldgen:geode_purge_initial/272",
      "skyvoid_worldgen:geode_purge_initial/288",
      "skyvoid_worldgen:geode_purge_initial/304"
    ],
    [],
    [],
    [],
    [],
    [
      "skyvoid_worldgen:geode_purge_final/-64",
      "skyvoid_worldgen:geode_purge_final/-48",
      "skyvoid_worldgen:geode_purge_final/-32",
      "skyvoid_worldgen:geode_purge_final/-16",
      "skyvoid_worldgen:geode_purge_final/0",
      "skyvoid_worldgen:geode_purge_final/16",
      "skyvoid_worldgen:geode_purge_final/32",
      "skyvoid_worldgen:geode_purge_final/48",
      "skyvoid_worldgen:geode_purge_final/64",
      "skyvoid_worldgen:geode_purge_final/80",
      "skyvoid_worldgen:geode_purge_final/96",
      "skyvoid_worldgen:geode_purge_final/112",
      "skyvoid_worldgen:geode_purge_final/128",
      "skyvoid_worldgen:geode_purge_final/144",
      "skyvoid_worldgen:geode_purge_final/160",
      "skyvoid_worldgen:geode_purge_final/176",
      "skyvoid_worldgen:geode_purge_final/192",
      "skyvoid_worldgen:geode_purge_final/208",
      "skyvoid_worldgen:geode_purge_final/224",
      "skyvoid_worldgen:geode_purge_final/240",
      "skyvoid_worldgen:geode_purge_final/256",
      "skyvoid_worldgen:geode_purge_final/272",
      "skyvoid_worldgen:geode_purge_final/288",
      "skyvoid_worldgen:geode_purge_final/304"
    ]
  ],
  "has_precipitation": true,
  "spawn_costs": {},
  "spawners": {
    "ambient": [
      {
        "type": "minecraft:bat",
        "maxCount": 8,
        "minCount": 8,
        "weight": 10
      }
    ],
    "axolotls": [],
    "creature": [
      {
        "type": "minecraft:mooshroom",
        "maxCount": 8,
        "minCount": 4,
        "weight": 8
      }
    ],
    "misc": [],
    "monster": [],
    "underground_water_creature": [
      {
        "type": "minecraft:glow_squid",
        "maxCount": 6,
        "minCount": 4,
        "weight": 10
      }
    ],
    "water_ambient": [],
    "water_creature": []
  },
  "temperature": 0.9
}
