{
  "type": "minecraft:generic",
  "pools": [
    {
      "rolls": 1,
      "entries": [
        {
          "type": "minecraft:loot_table",
          "weight": 51,
          "value": "skyvoid_additions:gameplay/trader_additions/normal_trade/1_emerald"
        },
        {
          "type": "minecraft:loot_table",
          "weight": 1,
          "value": "skyvoid_additions:gameplay/trader_additions/normal_trade/1_emerald",
          "conditions": [
            {
              "condition": "minecraft:value_check",
              "value": {
                "type": "minecraft:score",
                "target": {
                  "type": "minecraft:fixed",
                  "name": "sweet_berries_from_traders"
                },
                "score": "skyvoid_config"
              },
              "range": 1
            }
          ]
        },
        {
          "type": "minecraft:loot_table",
          "weight": 6,
          "value": "skyvoid_additions:gameplay/trader_additions/normal_trade/2_emeralds"
        },
        {
          "type": "minecraft:loot_table",
          "weight": 10,
          "value": "skyvoid_additions:gameplay/trader_additions/normal_trade/3_emeralds"
        },
        {
          "type": "minecraft:loot_table",
          "weight": 3,
          "value": "skyvoid_additions:gameplay/trader_additions/normal_trade/4_emeralds"
        },
        {
          "type": "minecraft:loot_table",
          "weight": 10,
          "value": "skyvoid_additions:gameplay/trader_additions/normal_trade/5_emeralds"
        }
      ]
    }
  ]
}
