{
  "attributes": {
    "minecraft:audio/background_music": {
      "default": {
        "max_delay": 24000,
        "min_delay": 12000,
        "sound": "minecraft:music.overworld.deep_dark"
      }
    },
    "minecraft:visual/sky_color": "#78a7ff"
  },
  "carvers": [],
  "downfall": 0.4,
  "effects": {
    "water_color": "#3f76e4"
  },
  "features": [
    [],
    [],
    [],
    [],
    [],
    [],
    [],
    [
      "skyvoid_worldgen:geode_purge_initial/-64",
      "skyvoid_worldgen:geode_purge_initial/-48",
      "skyvoid_worldgen:geode_purge_initial/-32",
      "skyvoid_worldgen:geode_purge_initial/-16",
      "skyvoid_worldgen:geode_purge_initial/0",
      "skyvoid_worldgen:geode_purge_initial/16",
      "skyvoid_worldgen:geode_purge_initial/32",
      "skyvoid_worldgen:geode_purge_initial/48",
      "skyvoid_worldgen:geode_purge_initial/64",
      "skyvoid_worldgen:geode_purge_initial/80",
      "skyvoid_worldgen:geode_purge_initial/96",
      "skyvoid_worldgen:geode_purge_initial/112",
      "skyvoid_worldgen:geode_purge_initial/128",
      "skyvoid_worldgen:geode_purge_initial/144",
      "skyvoid_worldgen:geode_purge_initial/160",
      "skyvoid_worldgen:geode_purge_initial/176",
      "skyvoid_worldgen:geode_purge_initial/192",
      "skyvoid_worldgen:geode_purge_initial/208",
      "skyvoid_worldgen:geode_purge_initial/224",
      "skyvoid_worldgen:geode_purge_initial/240",
      "skyvoid_worldgen:geode_purge_initial/256",
      "skyvoid_worldgen:geode_purge_initial/272",
      "skyvoid_worldgen:geode_purge_initial/288",
      "skyvoid_worldgen:geode_purge_initial/304"
    ],
    [],
    [],
    [],
    [
      "minecraft:flower_plains"
    ],
    [
      "skyvoid_worldgen:geode_purge_final/-64",
      "skyvoid_worldgen:geode_purge_final/-48",
      "skyvoid_worldgen:geode_purge_final/-32",
      "skyvoid_worldgen:geode_purge_final/-16",
      "skyvoid_worldgen:geode_purge_final/0",
      "skyvoid_worldgen:geode_purge_final/16",
      "skyvoid_worldgen:geode_purge_final/32",
      "skyvoid_worldgen:geode_purge_final/48",
      "skyvoid_worldgen:geode_purge_final/64",
      "skyvoid_worldgen:geode_purge_final/80",
      "skyvoid_worldgen:geode_purge_final/96",
      "skyvoid_worldgen:geode_purge_final/112",
      "skyvoid_worldgen:geode_purge_final/128",
      "skyvoid_worldgen:geode_purge_final/144",
      "skyvoid_worldgen:geode_purge_final/160",
      "skyvoid_worldgen:geode_purge_final/176",
      "skyvoid_worldgen:geode_purge_final/192",
      "skyvoid_worldgen:geode_purge_final/208",
      "skyvoid_worldgen:geode_purge_final/224",
      "skyvoid_worldgen:geode_purge_final/240",
      "skyvoid_worldgen:geode_purge_final/256",
      "skyvoid_worldgen:geode_purge_final/272",
      "skyvoid_worldgen:geode_purge_final/288",
      "skyvoid_worldgen:geode_purge_final/304"
    ]
  ],
  "has_precipitation": true,
  "spawn_costs": {},
  "spawners": {
    "ambient": [],
    "axolotls": [],
    "creature": [],
    "misc": [],
    "monster": [],
    "underground_water_creature": [],
    "water_ambient": [],
    "water_creature": []
  },
  "temperature": 0.8
}
