{
  "attributes": {
    "minecraft:audio/background_music": {
      "default": {
        "max_delay": 24000,
        "min_delay": 12000,
        "sound": "minecraft:music.overworld.swamp"
      }
    },
    "minecraft:gameplay/increased_fire_burnout": true,
    "minecraft:visual/sky_color": "#78a7ff",
    "minecraft:visual/water_fog_color": "#232317",
    "minecraft:visual/water_fog_end_distance": {
      "argument": 0.85,
      "modifier": "multiply"
    }
  },
  "carvers": [],
  "downfall": 0.9,
  "effects": {
    "dry_foliage_color": "#7b5334",
    "foliage_color": "#6a7039",
    "grass_color_modifier": "swamp",
    "water_color": "#617b64"
  },
  "features": [
    [],
    [],
    [
      "skyvoid_worldgen:geode_purge_initial/-64",
      "skyvoid_worldgen:geode_purge_initial/-48",
      "skyvoid_worldgen:geode_purge_initial/-32",
      "skyvoid_worldgen:geode_purge_initial/-16",
      "skyvoid_worldgen:geode_purge_initial/0",
      "skyvoid_worldgen:geode_purge_initial/16",
      "skyvoid_worldgen:geode_purge_initial/32",
      "skyvoid_worldgen:geode_purge_initial/48",
      "skyvoid_worldgen:geode_purge_initial/64",
      "skyvoid_worldgen:geode_purge_initial/80",
      "skyvoid_worldgen:geode_purge_initial/96",
      "skyvoid_worldgen:geode_purge_initial/112",
      "skyvoid_worldgen:geode_purge_initial/128",
      "skyvoid_worldgen:geode_purge_initial/144",
      "skyvoid_worldgen:geode_purge_initial/160",
      "skyvoid_worldgen:geode_purge_initial/176",
      "skyvoid_worldgen:geode_purge_initial/192",
      "skyvoid_worldgen:geode_purge_initial/208",
      "skyvoid_worldgen:geode_purge_initial/224",
      "skyvoid_worldgen:geode_purge_initial/240",
      "skyvoid_worldgen:geode_purge_initial/256",
      "skyvoid_worldgen:geode_purge_initial/272",
      "skyvoid_worldgen:geode_purge_initial/288",
      "skyvoid_worldgen:geode_purge_initial/304"
    ],
    [],
    [],
    [],
    [],
    [],
    [],
    [],
    [],
    [
      "minecraft:flower_swamp"
    ],
    [
      "skyvoid_worldgen:geode_purge_final/-64",
      "skyvoid_worldgen:geode_purge_final/-48",
      "skyvoid_worldgen:geode_purge_final/-32",
      "skyvoid_worldgen:geode_purge_final/-16",
      "skyvoid_worldgen:geode_purge_final/0",
      "skyvoid_worldgen:geode_purge_final/16",
      "skyvoid_worldgen:geode_purge_final/32",
      "skyvoid_worldgen:geode_purge_final/48",
      "skyvoid_worldgen:geode_purge_final/64",
      "skyvoid_worldgen:geode_purge_final/80",
      "skyvoid_worldgen:geode_purge_final/96",
      "skyvoid_worldgen:geode_purge_final/112",
      "skyvoid_worldgen:geode_purge_final/128",
      "skyvoid_worldgen:geode_purge_final/144",
      "skyvoid_worldgen:geode_purge_final/160",
      "skyvoid_worldgen:geode_purge_final/176",
      "skyvoid_worldgen:geode_purge_final/192",
      "skyvoid_worldgen:geode_purge_final/208",
      "skyvoid_worldgen:geode_purge_final/224",
      "skyvoid_worldgen:geode_purge_final/240",
      "skyvoid_worldgen:geode_purge_final/256",
      "skyvoid_worldgen:geode_purge_final/272",
      "skyvoid_worldgen:geode_purge_final/288",
      "skyvoid_worldgen:geode_purge_final/304"
    ]
  ],
  "has_precipitation": true,
  "spawn_costs": {},
  "spawners": {
    "ambient": [
      {
        "type": "minecraft:bat",
        "maxCount": 8,
        "minCount": 8,
        "weight": 10
      }
    ],
    "axolotls": [],
    "creature": [
      {
        "type": "minecraft:sheep",
        "maxCount": 4,
        "minCount": 4,
        "weight": 12
      },
      {
        "type": "minecraft:pig",
        "maxCount": 4,
        "minCount": 4,
        "weight": 10
      },
      {
        "type": "minecraft:chicken",
        "maxCount": 4,
        "minCount": 4,
        "weight": 10
      },
      {
        "type": "minecraft:cow",
        "maxCount": 4,
        "minCount": 4,
        "weight": 8
      },
      {
        "type": "minecraft:frog",
        "maxCount": 5,
        "minCount": 2,
        "weight": 10
      }
    ],
    "misc": [],
    "monster": [
      {
        "type": "minecraft:spider",
        "maxCount": 4,
        "minCount": 4,
        "weight": 100
      },
      {
        "type": "minecraft:zombie",
        "maxCount": 4,
        "minCount": 4,
        "weight": 95
      },
      {
        "type": "minecraft:zombie_villager",
        "maxCount": 1,
        "minCount": 1,
        "weight": 5
      },
      {
        "type": "minecraft:skeleton",
        "maxCount": 4,
        "minCount": 4,
        "weight": 70
      },
      {
        "type": "minecraft:creeper",
        "maxCount": 4,
        "minCount": 4,
        "weight": 100
      },
      {
        "type": "minecraft:slime",
        "maxCount": 4,
        "minCount": 4,
        "weight": 100
      },
      {
        "type": "minecraft:enderman",
        "maxCount": 4,
        "minCount": 1,
        "weight": 10
      },
      {
        "type": "minecraft:witch",
        "maxCount": 1,
        "minCount": 1,
        "weight": 5
      },
      {
        "type": "minecraft:slime",
        "maxCount": 1,
        "minCount": 1,
        "weight": 1
      },
      {
        "type": "minecraft:bogged",
        "maxCount": 4,
        "minCount": 4,
        "weight": 30
      }
    ],
    "underground_water_creature": [
      {
        "type": "minecraft:glow_squid",
        "maxCount": 6,
        "minCount": 4,
        "weight": 10
      }
    ],
    "water_ambient": [],
    "water_creature": []
  },
  "temperature": 0.8
}
