{
  "carvers": [],
  "downfall": 0.5,
  "effects": {
    "water_color": "#3f76e4"
  },
  "features": [
    [],
    [],
    [],
    [],
    [],
    [],
    [],
    [],
    [],
    [
      "minecraft:end_spike"
    ],
    [],
    [
      "skyvoid_worldgen:geode_purge_final/0",
      "skyvoid_worldgen:geode_purge_final/16",
      "skyvoid_worldgen:geode_purge_final/32",
      "skyvoid_worldgen:geode_purge_final/48",
      "skyvoid_worldgen:geode_purge_final/64",
      "skyvoid_worldgen:geode_purge_final/80",
      "skyvoid_worldgen:geode_purge_final/96",
      "skyvoid_worldgen:geode_purge_final/112",
      "skyvoid_worldgen:geode_purge_final/128",
      "skyvoid_worldgen:geode_purge_final/144",
      "skyvoid_worldgen:geode_purge_final/160",
      "skyvoid_worldgen:geode_purge_final/176",
      "skyvoid_worldgen:geode_purge_final/192",
      "skyvoid_worldgen:geode_purge_final/208",
      "skyvoid_worldgen:geode_purge_final/224",
      "skyvoid_worldgen:geode_purge_final/240"
    ],
    [
      "skyvoid_worldgen:end_fix"
    ]
  ],
  "has_precipitation": false,
  "spawn_costs": {},
  "spawners": {
    "ambient": [],
    "axolotls": [],
    "creature": [],
    "misc": [],
    "monster": [
      {
        "type": "minecraft:enderman",
        "maxCount": 4,
        "minCount": 4,
        "weight": 10
      }
    ],
    "underground_water_creature": [],
    "water_ambient": [],
    "water_creature": []
  },
  "temperature": 0.5
}
