{
  "display": {
    "icon": {
      "id": "minecraft:grass_block"
    },
    "title": {
      "translate": "advancements.story.root.title"
    },
    "description": {
      "translate": "advancements.story.root.description"
    },
    "background": "minecraft:block/stone",
    "frame": "task",
    "show_toast": false,
    "announce_to_chat": false,
    "hidden": false
  },
  "criteria": {
    "dirt_or_log": {
      "trigger": "minecraft:inventory_changed",
      "conditions": {
        "items": [
          {
            "items": [
              "minecraft:dirt",
              "minecraft:oak_log"
            ]
          }
        ]
      }
    }
  },
  "sends_telemetry_event": true
}
