{
  "type": "minecraft:generic",
  "pools": [
    {
      "rolls": 1,
      "entries": [
        {
          "type": "minecraft:item",
          "name": "minecraft:acacia_sapling"
        },
        {
          "type": "minecraft:item",
          "name": "minecraft:birch_sapling"
        },
        {
          "type": "minecraft:item",
          "name": "minecraft:cherry_sapling"
        },
        {
          "type": "minecraft:item",
          "name": "minecraft:dark_oak_sapling"
        },
        {
          "type": "minecraft:item",
          "name": "minecraft:jungle_sapling"
        },
        {
          "type": "minecraft:item",
          "name": "minecraft:oak_sapling"
        },
        {
          "type": "minecraft:item",
          "name": "minecraft:pale_oak_sapling"
        },
        {
          "type": "minecraft:item",
          "name": "minecraft:spruce_sapling"
        },
        {
          "type": "minecraft:item",
          "name": "minecraft:mangrove_propagule"
        },
        {
          "type": "minecraft:item",
          "name": "minecraft:nautilus_shell"
        }
      ]
    },
    {
      "rolls": 1,
      "entries": [
        {
          "type": "minecraft:item",
          "name": "minecraft:emerald",
          "functions": [
            {
              "function": "minecraft:set_count",
              "count": 5
            }
          ]
        }
      ]
    }
  ]
}
